INSERT IGNORE INTO `employee` (`id`, `lastname`, `firstname`, `dni`, `cuil`, `email`, `date_of_admission`, `date_of_birth`, `marital_status`, `working_hours`, `nationality`, `job_position`, `home_phone_number`, `cell_phone_number`, `eliminated`) VALUES (1, 'Gomez', 'Juan', 12345678, 20123456789, 'juan.gomez@example.com', '2020-01-15', '1990-04-23', 'Soltero', '09:00 - 18:00', 'Argentina', 'Desarrollador', '01112345678', '1112345678', false), (2, 'Perez', 'Ana', 87654321, 20987654321, 'ana.perez@example.com', '2019-03-10', '1985-06-15', 'Casada', '08:00 - 17:00', 'Argentina', 'Analista', '01187654321', '1187654321', false), (3, 'Lopez', 'Carlos', 11223344, 20112233445, 'carlos.lopez@example.com', '2018-07-20', '1992-09-05', 'Soltero', '10:00 - 19:00', 'Argentina', 'Tester', '01111223344', '1111223344', false), (4, 'Fernandez', 'Lucia', 55667788, 20556677889, 'lucia.fernandez@example.com', '2021-05-12', '1993-12-25', 'Soltera', '09:30 - 18:30', 'Argentina', 'Diseñadora', '01155667788', '1155667788', false), (5, 'Martinez', 'Marta', 99887766, 20998877660, 'marta.martinez@example.com', '2020-11-03', '1988-03-18', 'Casada', '08:30 - 17:30', 'Argentina', 'Gerente', '01199887766', '1199887766', false);
INSERT IGNORE INTO `documentation` (`id`, `description`, `uploaded_date`, `path_to_file`, `employee_id`, `documentation_type`, `eliminated`) VALUES (1, 'Documento de Permiso 1', '2024-05-01 10:00:00', '/docs/permiso1.pdf', 1, 2, false), (2, 'Documento de Permiso 2', '2024-05-02 11:00:00', '/docs/permiso2.pdf', 2, 2, false), (3, 'Documento de Permiso 3', '2024-05-03 12:00:00', '/docs/permiso3.pdf', 3, 2, false), (4, 'Documento de Permiso 4', '2024-05-04 13:00:00', '/docs/permiso4.pdf', 4, 2, false), (5, 'Documento de Permiso 5', '2024-05-05 14:00:00', '/docs/permiso5.pdf', 5, 2, false);
INSERT IGNORE INTO `absence_permission` (`id`, `details`, `start_date_time`, `end_date_time`, `reason`, `documentation_id`, `permission_state`, `employee_id`, `eliminated`) VALUES (1, 'Permiso por enfermedad', '2024-06-01 09:00:00', '2024-06-01 18:00:00', 'Enfermedad', 1, 1, 1, false), (2, 'Permiso por estudios', '2024-06-02 09:00:00', '2024-06-02 18:00:00', 'Estudios', 2, 2, 2, false), (3, 'Permiso por viaje', '2024-06-03 09:00:00', '2024-06-03 18:00:00', 'Viaje', 3, 3, 3, false), (4, 'Permiso por mudanza', '2024-06-04 09:00:00', '2024-06-04 18:00:00', 'Mudanza', 4, 2, 4, false), (5, 'Permiso por trámites', '2024-06-05 09:00:00', '2024-06-05 18:00:00', 'Trámites personales', 5, 1, 5, false);